study,scenario_id,p,n1,n2,n1_over_n2,family,rho0,rho_alt,design,alternative,innovation,method,alpha,B,R,rejection_rate,mean_p_value,mean_statistic,median_statistic,mean_elapsed_sec,MCSE
study_power_target_eq05,eq05_power_target_200_120_150_0p1,200,120,150,0.8,equicorrelation,0.5,0.1,equicorrelation_target_power_rho0p5,alternative,gaussian,Li-Chen,0.05,0,500,1.0,3.608862539120089e-146,43.0439836030693,43.26370167155938,0.0013712014013435691,0.0
study_power_target_eq05,eq05_power_target_200_120_150_0p1,200,120,150,0.8,equicorrelation,0.5,0.1,equicorrelation_target_power_rho0p5,alternative,gaussian,Max-bootstrap,0.05,500,500,1.0,2.8e-05,6.428078182880155,6.422199802608653,0.4150094507979229,0.0
study_power_target_eq05,eq05_power_target_200_120_150_0p1,200,120,150,0.8,equicorrelation,0.5,0.1,equicorrelation_target_power_rho0p5,alternative,gaussian,Ours-C(0.3),0.05,500,500,1.0,4e-06,10.957904671043254,10.935296572466214,0.42406297880085186,0.0
study_power_target_eq05,eq05_power_target_200_120_150_0p1,200,120,150,0.8,equicorrelation,0.5,0.1,equicorrelation_target_power_rho0p5,alternative,gaussian,Ours-C(0.5),0.05,500,500,1.0,0.0,21.68120403088675,21.64717452471756,0.4257107240012847,0.0
study_power_target_eq05,eq05_power_target_200_120_150_0p1,200,120,150,0.8,equicorrelation,0.5,0.1,equicorrelation_target_power_rho0p5,alternative,gaussian,Ours-C(0.7),0.05,500,500,1.0,0.0,30.76399269435077,30.673775961618574,0.4296728054005653,0.0
study_power_target_eq05,eq05_power_target_200_120_150_0p1,200,120,150,0.8,equicorrelation,0.5,0.1,equicorrelation_target_power_rho0p5,alternative,gaussian,Ours-I,0.05,500,500,1.0,0.0,10.22263389731729,10.133910049832778,0.4342690069992095,0.0
study_power_target_eq05,eq05_power_target_200_120_150_0p1,200,120,150,0.8,equicorrelation,0.5,0.1,equicorrelation_target_power_rho0p5,alternative,gaussian,Wang-NR,0.05,0,500,1.0,1.2982618199909051e-06,6275.382149472346,6113.600701701826,0.004190816799062304,0.0
study_power_target_eq05,eq05_power_target_200_120_150_0p2,200,120,150,0.8,equicorrelation,0.5,0.2,equicorrelation_target_power_rho0p5,alternative,gaussian,Li-Chen,0.05,0,500,1.0,1.131630513610298e-08,20.655306692783135,20.695322128633805,0.0012306671992409974,0.0
study_power_target_eq05,eq05_power_target_200_120_150_0p2,200,120,150,0.8,equicorrelation,0.5,0.2,equicorrelation_target_power_rho0p5,alternative,gaussian,Max-bootstrap,0.05,500,500,0.986,0.003268,5.6166261417565035,5.617866660426811,0.38084669440076685,0.0052543315464481325
study_power_target_eq05,eq05_power_target_200_120_150_0p2,200,120,150,0.8,equicorrelation,0.5,0.2,equicorrelation_target_power_rho0p5,alternative,gaussian,Ours-C(0.3),0.05,500,500,1.0,0.000344,5.239049737520441,5.236590427324825,0.39385886419855526,0.0
study_power_target_eq05,eq05_power_target_200_120_150_0p2,200,120,150,0.8,equicorrelation,0.5,0.2,equicorrelation_target_power_rho0p5,alternative,gaussian,Ours-C(0.5),0.05,500,500,1.0,0.000244,10.397099272199517,10.426850631919429,0.3941474808024941,0.0
study_power_target_eq05,eq05_power_target_200_120_150_0p2,200,120,150,0.8,equicorrelation,0.5,0.2,equicorrelation_target_power_rho0p5,alternative,gaussian,Ours-C(0.7),0.05,500,500,1.0,0.000288,15.337977330667373,15.333096196595841,0.3998690242012963,0.0
study_power_target_eq05,eq05_power_target_200_120_150_0p2,200,120,150,0.8,equicorrelation,0.5,0.2,equicorrelation_target_power_rho0p5,alternative,gaussian,Ours-I,0.05,500,500,1.0,0.000424,6.022463975080546,5.918536010565171,0.40062036240147425,0.0
study_power_target_eq05,eq05_power_target_200_120_150_0p2,200,120,150,0.8,equicorrelation,0.5,0.2,equicorrelation_target_power_rho0p5,alternative,gaussian,Wang-NR,0.05,0,500,1.0,0.0004682301456065278,3472.535191489149,3272.959840413762,0.0036917548001511023,0.0
study_power_target_eq05,eq05_power_target_200_120_150_0p3,200,120,150,0.8,equicorrelation,0.5,0.3,equicorrelation_target_power_rho0p5,alternative,gaussian,Li-Chen,0.05,0,500,0.91,0.02752410459095661,7.840966993876572,7.305083245466122,0.001325575802475214,0.012798437404620923
study_power_target_eq05,eq05_power_target_200_120_150_0p3,200,120,150,0.8,equicorrelation,0.5,0.3,equicorrelation_target_power_rho0p5,alternative,gaussian,Max-bootstrap,0.05,500,500,0.712,0.053376,4.80580359443459,4.797296130966458,0.39185552699910475,0.020251222185339826
study_power_target_eq05,eq05_power_target_200_120_150_0p3,200,120,150,0.8,equicorrelation,0.5,0.3,equicorrelation_target_power_rho0p5,alternative,gaussian,Ours-C(0.3),0.05,500,500,0.852,0.030024000000000002,2.527256063243689,2.395311224798913,0.415838023200864,0.015880554146502572
study_power_target_eq05,eq05_power_target_200_120_150_0p3,200,120,150,0.8,equicorrelation,0.5,0.3,equicorrelation_target_power_rho0p5,alternative,gaussian,Ours-C(0.5),0.05,500,500,0.856,0.028672,4.487026511397187,4.19880781204812,0.41527181039727296,0.015701210144444283
study_power_target_eq05,eq05_power_target_200_120_150_0p3,200,120,150,0.8,equicorrelation,0.5,0.3,equicorrelation_target_power_rho0p5,alternative,gaussian,Ours-C(0.7),0.05,500,500,0.86,0.029123999999999997,6.492431190898021,6.094052330293136,0.4191289245991502,0.01551773179301666
study_power_target_eq05,eq05_power_target_200_120_150_0p3,200,120,150,0.8,equicorrelation,0.5,0.3,equicorrelation_target_power_rho0p5,alternative,gaussian,Ours-I,0.05,500,500,0.82,0.036368000000000004,3.248410060305378,3.0508372032103965,0.4183149748011492,0.017181385275931625
study_power_target_eq05,eq05_power_target_200_120_150_0p3,200,120,150,0.8,equicorrelation,0.5,0.3,equicorrelation_target_power_rho0p5,alternative,gaussian,Wang-NR,0.05,0,500,0.806,0.037890742478854385,1614.229755246042,1410.1903451512221,0.0041833469988778234,0.017684117167673367
study_power_target_eq05,eq05_power_target_200_120_150_0p4,200,120,150,0.8,equicorrelation,0.5,0.4,equicorrelation_target_power_rho0p5,alternative,gaussian,Li-Chen,0.05,0,500,0.326,0.3842882672024275,1.3867034030228311,0.38706810251771456,0.0013553860005922616,0.020963015050321363
study_power_target_eq05,eq05_power_target_200_120_150_0p4,200,120,150,0.8,equicorrelation,0.5,0.4,equicorrelation_target_power_rho0p5,alternative,gaussian,Max-bootstrap,0.05,500,500,0.166,0.329412,3.94205287617833,3.8896305883600766,0.39352557839942165,0.016639951923007473
study_power_target_eq05,eq05_power_target_200_120_150_0p4,200,120,150,0.8,equicorrelation,0.5,0.4,equicorrelation_target_power_rho0p5,alternative,gaussian,Ours-C(0.3),0.05,500,500,0.222,0.295196,1.2810250813687374,1.110591795676429,0.42123738079867323,0.018585801031970616
study_power_target_eq05,eq05_power_target_200_120_150_0p4,200,120,150,0.8,equicorrelation,0.5,0.4,equicorrelation_target_power_rho0p5,alternative,gaussian,Ours-C(0.5),0.05,500,500,0.224,0.30470800000000003,1.6350921457885907,1.2190001025390573,0.42123405800166075,0.018645321128905237
study_power_target_eq05,eq05_power_target_200_120_150_0p4,200,120,150,0.8,equicorrelation,0.5,0.4,equicorrelation_target_power_rho0p5,alternative,gaussian,Ours-C(0.7),0.05,500,500,0.232,0.30791199999999996,2.016055239380387,1.3604470827787698,0.42235975900047923,0.018877287940803362
study_power_target_eq05,eq05_power_target_200_120_150_0p4,200,120,150,0.8,equicorrelation,0.5,0.4,equicorrelation_target_power_rho0p5,alternative,gaussian,Ours-I,0.05,500,500,0.214,0.31994799999999995,1.4839444068922594,1.1469244958239297,0.4220735503989272,0.01834142851579451
study_power_target_eq05,eq05_power_target_200_120_150_0p4,200,120,150,0.8,equicorrelation,0.5,0.4,equicorrelation_target_power_rho0p5,alternative,gaussian,Wang-NR,0.05,0,500,0.202,0.32142092134829553,361.38046321707185,92.66900876695635,0.00410718119959347,0.01795527777562909
study_power_target_eq05,eq05_power_target_200_120_150_0p5,200,120,150,0.8,equicorrelation,0.5,0.5,equicorrelation_target_power_rho0p5,null,gaussian,Li-Chen,0.05,0,500,0.106,0.5786231501227085,-0.031983426187532284,-0.5446757481367064,0.0013237210013903678,0.013766916866168693
study_power_target_eq05,eq05_power_target_200_120_150_0p5,200,120,150,0.8,equicorrelation,0.5,0.5,equicorrelation_target_power_rho0p5,null,gaussian,Max-bootstrap,0.05,500,500,0.072,0.45544,3.5965218579074936,3.526120983084162,0.39573006239929237,0.011559930795640603
study_power_target_eq05,eq05_power_target_200_120_150_0p5,200,120,150,0.8,equicorrelation,0.5,0.5,equicorrelation_target_power_rho0p5,null,gaussian,Ours-C(0.3),0.05,500,500,0.056,0.443992,1.0212944541036715,0.9383575665116948,0.42419678600062616,0.010282412168358162
study_power_target_eq05,eq05_power_target_200_120_150_0p5,200,120,150,0.8,equicorrelation,0.5,0.5,equicorrelation_target_power_rho0p5,null,gaussian,Ours-C(0.5),0.05,500,500,0.054,0.46794,1.019217787095914,0.804206696915,0.4228234059996903,0.010107818755794942
study_power_target_eq05,eq05_power_target_200_120_150_0p5,200,120,150,0.8,equicorrelation,0.5,0.5,equicorrelation_target_power_rho0p5,null,gaussian,Ours-C(0.7),0.05,500,500,0.06,0.4814,1.0175253346007598,0.655954147172282,0.4249007089996012,0.010620734437881401
study_power_target_eq05,eq05_power_target_200_120_150_0p5,200,120,150,0.8,equicorrelation,0.5,0.5,equicorrelation_target_power_rho0p5,null,gaussian,Ours-I,0.05,500,500,0.06,0.47377199999999997,1.015928113342261,0.8074023618937705,0.42538393639877903,0.010620734437881401
study_power_target_eq05,eq05_power_target_200_120_150_0p5,200,120,150,0.8,equicorrelation,0.5,0.5,equicorrelation_target_power_rho0p5,null,gaussian,Wang-NR,0.05,0,500,0.052,0.47597492834752647,-5.291279834805242,-147.3685378494076,0.004093248999794014,0.00992935043192655
study_power_target_eq05,eq05_power_target_200_120_150_0p6,200,120,150,0.8,equicorrelation,0.5,0.6,equicorrelation_target_power_rho0p5,alternative,gaussian,Li-Chen,0.05,0,500,0.286,0.41759619834406636,0.9641646615498215,0.10219558333713218,0.0013994790001306682,0.020209106858047932
study_power_target_eq05,eq05_power_target_200_120_150_0p6,200,120,150,0.8,equicorrelation,0.5,0.6,equicorrelation_target_power_rho0p5,alternative,gaussian,Max-bootstrap,0.05,500,500,0.264,0.287784,3.860788269663374,3.786685982917624,0.39690610180061775,0.019713142824014644
study_power_target_eq05,eq05_power_target_200_120_150_0p6,200,120,150,0.8,equicorrelation,0.5,0.6,equicorrelation_target_power_rho0p5,alternative,gaussian,Ours-C(0.3),0.05,500,500,0.242,0.301116,1.247849975770416,1.0825634596945362,0.4238441366006155,0.019153902996517445
study_power_target_eq05,eq05_power_target_200_120_150_0p6,200,120,150,0.8,equicorrelation,0.5,0.6,equicorrelation_target_power_rho0p5,alternative,gaussian,Ours-C(0.5),0.05,500,500,0.242,0.32096399999999997,1.5606517245108678,1.1420281095451914,0.4232563322008355,0.019153902996517445
study_power_target_eq05,eq05_power_target_200_120_150_0p6,200,120,150,0.8,equicorrelation,0.5,0.6,equicorrelation_target_power_rho0p5,alternative,gaussian,Ours-C(0.7),0.05,500,500,0.232,0.334736,1.9018786031940602,1.2033619476759934,0.42250082379893866,0.018877287940803362
study_power_target_eq05,eq05_power_target_200_120_150_0p6,200,120,150,0.8,equicorrelation,0.5,0.6,equicorrelation_target_power_rho0p5,alternative,gaussian,Ours-I,0.05,500,500,0.212,0.33716,1.5791558125476077,1.1031316632682286,0.4237093822009629,0.018278730809331376
study_power_target_eq05,eq05_power_target_200_120_150_0p6,200,120,150,0.8,equicorrelation,0.5,0.6,equicorrelation_target_power_rho0p5,alternative,gaussian,Wang-NR,0.05,0,500,0.206,0.34893233788923567,397.8692373592551,48.05624680143217,0.0041739625988993796,0.01808668018183547
study_power_target_eq05,eq05_power_target_200_120_150_0p7,200,120,150,0.8,equicorrelation,0.5,0.7,equicorrelation_target_power_rho0p5,alternative,gaussian,Li-Chen,0.05,0,500,0.614,0.18187303245836886,3.2147780770419048,2.707283926478094,0.0013679357991786673,0.0217717247823869
study_power_target_eq05,eq05_power_target_200_120_150_0p7,200,120,150,0.8,equicorrelation,0.5,0.7,equicorrelation_target_power_rho0p5,alternative,gaussian,Max-bootstrap,0.05,500,500,0.618,0.102556,4.384337478675356,4.347212610961307,0.3897487297998741,0.02172905888436036
study_power_target_eq05,eq05_power_target_200_120_150_0p7,200,120,150,0.8,equicorrelation,0.5,0.7,equicorrelation_target_power_rho0p5,alternative,gaussian,Ours-C(0.3),0.05,500,500,0.604,0.10901999999999999,1.765237461998569,1.671346242491487,0.4230932606019778,0.02187162545399861
study_power_target_eq05,eq05_power_target_200_120_150_0p7,200,120,150,0.8,equicorrelation,0.5,0.7,equicorrelation_target_power_rho0p5,alternative,gaussian,Ours-C(0.5),0.05,500,500,0.606,0.114168,2.826506276433884,2.5677219461597853,0.4219624034014996,0.021852414054287
study_power_target_eq05,eq05_power_target_200_120_150_0p7,200,120,150,0.8,equicorrelation,0.5,0.7,equicorrelation_target_power_rho0p5,alternative,gaussian,Ours-C(0.7),0.05,500,500,0.592,0.11907999999999999,4.013358451420436,3.5304711316000326,0.41842890159925444,0.021978898971513564
study_power_target_eq05,eq05_power_target_200_120_150_0p7,200,120,150,0.8,equicorrelation,0.5,0.7,equicorrelation_target_power_rho0p5,alternative,gaussian,Ours-I,0.05,500,500,0.532,0.143024,3.1153546221472643,2.6621195763994265,0.4190698825997533,0.022314838112789434
study_power_target_eq05,eq05_power_target_200_120_150_0p7,200,120,150,0.8,equicorrelation,0.5,0.7,equicorrelation_target_power_rho0p5,alternative,gaussian,Wang-NR,0.05,0,500,0.498,0.1542538498293864,1606.3257769710438,1233.7348386581116,0.004102605198975652,0.02236050088884415
study_power_target_eq05,eq05_power_target_200_120_150_0p8,200,120,150,0.8,equicorrelation,0.5,0.8,equicorrelation_target_power_rho0p5,alternative,gaussian,Li-Chen,0.05,0,500,0.84,0.05842898516738776,5.883547653356885,5.427917345723271,0.0013973572000395506,0.01639512122553536
study_power_target_eq05,eq05_power_target_200_120_150_0p8,200,120,150,0.8,equicorrelation,0.5,0.8,equicorrelation_target_power_rho0p5,alternative,gaussian,Max-bootstrap,0.05,500,500,0.868,0.025688,4.867497726345532,4.81252199981955,0.39856625139981045,0.01513776733867977
study_power_target_eq05,eq05_power_target_200_120_150_0p8,200,120,150,0.8,equicorrelation,0.5,0.8,equicorrelation_target_power_rho0p5,alternative,gaussian,Ours-C(0.3),0.05,500,500,0.864,0.029335999999999997,2.3941979561415168,2.2933036801997533,0.434382465600851,0.01532997064576446
study_power_target_eq05,eq05_power_target_200_120_150_0p8,200,120,150,0.8,equicorrelation,0.5,0.8,equicorrelation_target_power_rho0p5,alternative,gaussian,Ours-C(0.5),0.05,500,500,0.848,0.032299999999999995,4.344434949648366,4.110476604404549,0.4345651927988511,0.01605590234150669
study_power_target_eq05,eq05_power_target_200_120_150_0p8,200,120,150,0.8,equicorrelation,0.5,0.8,equicorrelation_target_power_rho0p5,alternative,gaussian,Ours-C(0.7),0.05,500,500,0.84,0.0339,6.4997367823306025,6.197868421865216,0.431221917599556,0.01639512122553536
study_power_target_eq05,eq05_power_target_200_120_150_0p8,200,120,150,0.8,equicorrelation,0.5,0.8,equicorrelation_target_power_rho0p5,alternative,gaussian,Ours-I,0.05,500,500,0.776,0.050844,5.2664913707455145,4.898823307475411,0.4306514734004159,0.018645321128905233
study_power_target_eq05,eq05_power_target_200_120_150_0p8,200,120,150,0.8,equicorrelation,0.5,0.8,equicorrelation_target_power_rho0p5,alternative,gaussian,Wang-NR,0.05,0,500,0.764,0.05660942170721385,3489.843543608625,2948.223031251744,0.004294698598678224,0.018989681408596616
study_power_target_eq05,eq05_power_target_200_120_150_0p9,200,120,150,0.8,equicorrelation,0.5,0.9,equicorrelation_target_power_rho0p5,alternative,gaussian,Li-Chen,0.05,0,500,0.942,0.015802932467194573,8.797290823007545,8.404172058507058,0.001391560801770538,0.010453324829928518
study_power_target_eq05,eq05_power_target_200_120_150_0p9,200,120,150,0.8,equicorrelation,0.5,0.9,equicorrelation_target_power_rho0p5,alternative,gaussian,Max-bootstrap,0.05,500,500,0.964,0.006956,5.351309678780385,5.391440219432692,0.3954591419994831,0.008331146379700699
study_power_target_eq05,eq05_power_target_200_120_150_0p9,200,120,150,0.8,equicorrelation,0.5,0.9,equicorrelation_target_power_rho0p5,alternative,gaussian,Ours-C(0.3),0.05,500,500,0.97,0.00584,3.1329739062712836,3.052728740063574,0.4287933570011519,0.007628892449104264
study_power_target_eq05,eq05_power_target_200_120_150_0p9,200,120,150,0.8,equicorrelation,0.5,0.9,equicorrelation_target_power_rho0p5,alternative,gaussian,Ours-C(0.5),0.05,500,500,0.958,0.007352,6.144011754576401,5.900801583988606,0.42862527739966755,0.00897061870775924
study_power_target_eq05,eq05_power_target_200_120_150_0p9,200,120,150,0.8,equicorrelation,0.5,0.9,equicorrelation_target_power_rho0p5,alternative,gaussian,Ours-C(0.7),0.05,500,500,0.964,0.007372,9.460567921934233,9.14634497127022,0.4264643617999973,0.008331146379700699
study_power_target_eq05,eq05_power_target_200_120_150_0p9,200,120,150,0.8,equicorrelation,0.5,0.9,equicorrelation_target_power_rho0p5,alternative,gaussian,Ours-I,0.05,500,500,0.922,0.016516,8.106839021062227,7.639587048917075,0.4265304813993862,0.01199299795714149
study_power_target_eq05,eq05_power_target_200_120_150_0p9,200,120,150,0.8,equicorrelation,0.5,0.9,equicorrelation_target_power_rho0p5,alternative,gaussian,Wang-NR,0.05,0,500,0.918,0.0189211147880856,6082.108847296372,5481.870586685951,0.004216406398802064,0.012269963325128561
